{"step": 10, "train/loss": NaN, "train/learning_rate": 4.0000000000000003e-07, "train/global_step": 10, "train/epoch": 0.013586956521739132, "train/grad_norm": NaN}
{"step": 10, "train/loss": NaN, "train/learning_rate": 4.0000000000000003e-07, "train/global_step": 10, "train/epoch": 0.013586956521739132, "train/grad_norm": NaN}
{"step": 10, "train/loss": NaN, "train/learning_rate": 4.0000000000000003e-07, "train/global_step": 10, "train/epoch": 0.013586956521739132, "train/grad_norm": NaN}
{"step": 10, "train/loss": NaN, "train/learning_rate": 4.0000000000000003e-07, "train/global_step": 10, "train/epoch": 0.013586956521739132, "train/grad_norm": NaN}
{"step": 20, "train/loss": NaN, "train/learning_rate": 8.000000000000001e-07, "train/global_step": 20, "train/epoch": 0.027173913043478264, "train/grad_norm": NaN}
{"step": 20, "train/loss": NaN, "train/learning_rate": 8.000000000000001e-07, "train/global_step": 20, "train/epoch": 0.027173913043478264, "train/grad_norm": NaN}
{"step": 20, "train/loss": NaN, "train/learning_rate": 8.000000000000001e-07, "train/global_step": 20, "train/epoch": 0.027173913043478264, "train/grad_norm": NaN}
{"step": 20, "train/loss": NaN, "train/learning_rate": 8.000000000000001e-07, "train/global_step": 20, "train/epoch": 0.027173913043478264, "train/grad_norm": NaN}
{"step": 30, "train/loss": NaN, "train/learning_rate": 1.2000000000000002e-06, "train/global_step": 30, "train/epoch": 0.04076086956521739, "train/grad_norm": NaN}
{"step": 30, "train/loss": NaN, "train/learning_rate": 1.2000000000000002e-06, "train/global_step": 30, "train/epoch": 0.04076086956521739, "train/grad_norm": NaN}
{"step": 30, "train/loss": NaN, "train/learning_rate": 1.2000000000000002e-06, "train/global_step": 30, "train/epoch": 0.04076086956521739, "train/grad_norm": NaN}
{"step": 30, "train/loss": NaN, "train/learning_rate": 1.2000000000000002e-06, "train/global_step": 30, "train/epoch": 0.04076086956521739, "train/grad_norm": NaN}
