{"step": 10, "train/loss": 0.332937628030777, "train/learning_rate": 1.3333333333333334e-06, "train/global_step": 10, "train/epoch": 0.01358695652173913, "train/grad_norm": 1.5115718841552734}
{"step": 10, "train/loss": 0.332937628030777, "train/learning_rate": 1.3333333333333334e-06, "train/global_step": 10, "train/epoch": 0.01358695652173913, "train/grad_norm": 1.5115718841552734}
{"step": 10, "train/loss": 0.332937628030777, "train/learning_rate": 1.3333333333333334e-06, "train/global_step": 10, "train/epoch": 0.01358695652173913, "train/grad_norm": 1.5115718841552734}
{"step": 10, "train/loss": 0.332937628030777, "train/learning_rate": 1.3333333333333334e-06, "train/global_step": 10, "train/epoch": 0.01358695652173913, "train/grad_norm": 1.5115718841552734}
